{"pots": [{"nom": "Pot1", "humidite": 27.793918681751396, "seuil_sec": 30}], "reservoir": {"capacite": 20, "niveau": 9.700000000000001, "niveau_min": 0.5}}